Países,Quantidade (KG),Valor (US$),Ano
Afeganistão,0.0,0.0,1970
África do Sul,0.0,0.0,1970
"Alemanha, República Democrática",0.0,0.0,1970
Arábia Saudita,0.0,0.0,1970
Argentina,1530058.0,845068.0,1970
Austrália,0.0,0.0,1970
Bélgica,0.0,0.0,1970
Chile,4000.0,1040.0,1970
China,0.0,0.0,1970
China Continental,0.0,0.0,1970
Cingapura,0.0,0.0,1970
Costa Rica,0.0,0.0,1970
Emirados,0.0,0.0,1970
Espanha,20000.0,9584.0,1970
Estados Unidos,415210.0,305494.0,1970
França,0.0,0.0,1970
Grécia,178475.0,56586.0,1970
Guiana Britânica,334.0,202.0,1970
Índia,0.0,0.0,1970
Irã,0.0,0.0,1970
Itália,33600.0,11396.0,1970
Japão,0.0,0.0,1970
México,170172.0,100310.0,1970
Países Baixos,104.0,91.0,1970
Paraguai,0.0,0.0,1970
Peru,0.0,0.0,1970
Portugal,0.0,0.0,1970
Reino Unido,39.0,29.0,1970
Suécia,12000.0,3866.0,1970
Turquia,124832.0,41962.0,1970
Uruguai,0.0,0.0,1970
Uzbequistão,0.0,0.0,1970
Venezuela,0.0,0.0,1970
Não consta na tabela,0.0,0.0,1970
Outros,0.0,0.0,1970
Afeganistão,0.0,0.0,1971
África do Sul,0.0,0.0,1971
"Alemanha, República Democrática",0.0,0.0,1971
Arábia Saudita,0.0,0.0,1971
Argentina,1206326.0,936632.0,1971
Austrália,0.0,0.0,1971
Bélgica,0.0,0.0,1971
Chile,0.0,0.0,1971
China,0.0,0.0,1971
China Continental,0.0,0.0,1971
Cingapura,0.0,0.0,1971
Costa Rica,0.0,0.0,1971
Emirados,0.0,0.0,1971
Espanha,15000.0,14403.0,1971
Estados Unidos,429346.0,292067.0,1971
França,0.0,0.0,1971
Grécia,302825.0,95349.0,1971
Guiana Britânica,0.0,0.0,1971
Índia,0.0,0.0,1971
Irã,0.0,0.0,1971
Itália,27860.0,7104.0,1971
Japão,7221.0,4458.0,1971
México,209257.0,129483.0,1971
Países Baixos,0.0,0.0,1971
Paraguai,0.0,0.0,1971
Peru,0.0,0.0,1971
Portugal,0.0,0.0,1971
Reino Unido,211.0,174.0,1971
Suécia,0.0,0.0,1971
Turquia,306025.0,88018.0,1971
Uruguai,0.0,0.0,1971
Uzbequistão,0.0,0.0,1971
Venezuela,0.0,0.0,1971
Não consta na tabela,0.0,0.0,1971
Outros,0.0,0.0,1971
Afeganistão,0.0,0.0,1972
África do Sul,0.0,0.0,1972
"Alemanha, República Democrática",3000.0,3366.0,1972
Arábia Saudita,0.0,0.0,1972
Argentina,1047482.0,981648.0,1972
Austrália,89025.0,52819.0,1972
Bélgica,0.0,0.0,1972
Chile,0.0,0.0,1972
China,0.0,0.0,1972
China Continental,0.0,0.0,1972
Cingapura,0.0,0.0,1972
Costa Rica,0.0,0.0,1972
Emirados,0.0,0.0,1972
Espanha,57208.0,59951.0,1972
Estados Unidos,411443.0,456999.0,1972
França,0.0,0.0,1972
Grécia,369763.0,134178.0,1972
Guiana Britânica,0.0,0.0,1972
Índia,0.0,0.0,1972
Irã,0.0,0.0,1972
Itália,70000.0,20790.0,1972
Japão,0.0,0.0,1972
México,150827.0,120736.0,1972
Países Baixos,0.0,0.0,1972
Paraguai,0.0,0.0,1972
Peru,0.0,0.0,1972
Portugal,0.0,0.0,1972
Reino Unido,276.0,249.0,1972
Suécia,0.0,0.0,1972
Turquia,556402.0,169087.0,1972
Uruguai,0.0,0.0,1972
Uzbequistão,0.0,0.0,1972
Venezuela,0.0,0.0,1972
Não consta na tabela,0.0,0.0,1972
Outros,0.0,0.0,1972
Afeganistão,0.0,0.0,1973
África do Sul,0.0,0.0,1973
"Alemanha, República Democrática",0.0,0.0,1973
Arábia Saudita,0.0,0.0,1973
Argentina,1277380.0,1848195.0,1973
Austrália,0.0,0.0,1973
Bélgica,0.0,0.0,1973
Chile,59747.0,66242.0,1973
China,0.0,0.0,1973
China Continental,25000.0,5210.0,1973
Cingapura,0.0,0.0,1973
Costa Rica,0.0,0.0,1973
Emirados,0.0,0.0,1973
Espanha,144000.0,170234.0,1973
Estados Unidos,538195.0,700181.0,1973
França,0.0,0.0,1973
Grécia,132420.0,180586.0,1973
Guiana Britânica,0.0,0.0,1973
Índia,0.0,0.0,1973
Irã,0.0,0.0,1973
Itália,59136.0,25428.0,1973
Japão,0.0,0.0,1973
México,28906.0,24653.0,1973
Países Baixos,0.0,0.0,1973
Paraguai,0.0,0.0,1973
Peru,0.0,0.0,1973
Portugal,0.0,0.0,1973
Reino Unido,0.0,0.0,1973
Suécia,0.0,0.0,1973
Turquia,324242.0,276922.0,1973
Uruguai,0.0,0.0,1973
Uzbequistão,0.0,0.0,1973
Venezuela,256.0,686.0,1973
Não consta na tabela,0.0,0.0,1973
Outros,0.0,0.0,1973
Afeganistão,0.0,0.0,1974
África do Sul,0.0,0.0,1974
"Alemanha, República Democrática",0.0,0.0,1974
Arábia Saudita,0.0,0.0,1974
Argentina,1004987.0,1154210.0,1974
Austrália,88754.0,88567.0,1974
Bélgica,0.0,0.0,1974
Chile,0.0,0.0,1974
China,0.0,0.0,1974
China Continental,0.0,0.0,1974
Cingapura,0.0,0.0,1974
Costa Rica,0.0,0.0,1974
Emirados,0.0,0.0,1974
Espanha,9500.0,14640.0,1974
Estados Unidos,953941.0,1447142.0,1974
França,0.0,0.0,1974
Grécia,139103.0,149364.0,1974
Guiana Britânica,0.0,0.0,1974
Índia,0.0,0.0,1974
Irã,0.0,0.0,1974
Itália,69650.0,41790.0,1974
Japão,0.0,0.0,1974
México,40000.0,60896.0,1974
Países Baixos,0.0,0.0,1974
Paraguai,0.0,0.0,1974
Peru,0.0,0.0,1974
Portugal,0.0,0.0,1974
Reino Unido,0.0,0.0,1974
Suécia,0.0,0.0,1974
Turquia,116338.0,118050.0,1974
Uruguai,0.0,0.0,1974
Uzbequistão,0.0,0.0,1974
Venezuela,561.0,1236.0,1974
Não consta na tabela,0.0,0.0,1974
Outros,0.0,0.0,1974
Afeganistão,0.0,0.0,1975
África do Sul,72000.0,54360.0,1975
"Alemanha, República Democrática",29988.0,2283.0,1975
Arábia Saudita,0.0,0.0,1975
Argentina,1583972.0,1142114.0,1975
Austrália,66750.0,59852.0,1975
Bélgica,0.0,0.0,1975
Chile,555818.0,714754.0,1975
China,0.0,0.0,1975
China Continental,0.0,0.0,1975
Cingapura,0.0,0.0,1975
Costa Rica,0.0,0.0,1975
Emirados,0.0,0.0,1975
Espanha,7500.0,15495.0,1975
Estados Unidos,494268.0,674204.0,1975
França,0.0,0.0,1975
Grécia,28335.0,22989.0,1975
Guiana Britânica,0.0,0.0,1975
Índia,0.0,0.0,1975
Irã,5.0,0.0,1975
Itália,150000.0,80854.0,1975
Japão,0.0,0.0,1975
México,234900.0,293712.0,1975
Países Baixos,0.0,0.0,1975
Paraguai,20000.0,12000.0,1975
Peru,0.0,0.0,1975
Portugal,0.0,0.0,1975
Reino Unido,0.0,0.0,1975
Suécia,0.0,0.0,1975
Turquia,7000.0,4571.0,1975
Uruguai,0.0,0.0,1975
Uzbequistão,0.0,0.0,1975
Venezuela,2240.0,6252.0,1975
Não consta na tabela,0.0,0.0,1975
Outros,0.0,0.0,1975
Afeganistão,0.0,0.0,1976
África do Sul,0.0,0.0,1976
"Alemanha, República Democrática",0.0,0.0,1976
Arábia Saudita,0.0,0.0,1976
Argentina,2731566.0,2573741.0,1976
Austrália,0.0,0.0,1976
Bélgica,0.0,0.0,1976
Chile,582102.0,643686.0,1976
China,0.0,0.0,1976
China Continental,0.0,0.0,1976
Cingapura,0.0,0.0,1976
Costa Rica,0.0,0.0,1976
Emirados,0.0,0.0,1976
Espanha,2000.0,5320.0,1976
Estados Unidos,25285.0,46885.0,1976
França,0.0,0.0,1976
Grécia,0.0,0.0,1976
Guiana Britânica,0.0,0.0,1976
Índia,0.0,0.0,1976
Irã,0.0,0.0,1976
Itália,0.0,0.0,1976
Japão,0.0,0.0,1976
México,172500.0,203960.0,1976
Países Baixos,12000.0,1038.0,1976
Paraguai,0.0,0.0,1976
Peru,0.0,0.0,1976
Portugal,0.0,0.0,1976
Reino Unido,0.0,0.0,1976
Suécia,0.0,0.0,1976
Turquia,0.0,0.0,1976
Uruguai,0.0,0.0,1976
Uzbequistão,0.0,0.0,1976
Venezuela,270.0,817.0,1976
Não consta na tabela,0.0,0.0,1976
Outros,0.0,0.0,1976
Afeganistão,0.0,0.0,1977
África do Sul,0.0,0.0,1977
"Alemanha, República Democrática",0.0,0.0,1977
Arábia Saudita,0.0,0.0,1977
Argentina,2549687.0,2663929.0,1977
Austrália,0.0,0.0,1977
Bélgica,0.0,0.0,1977
Chile,670742.0,1052119.0,1977
China,0.0,0.0,1977
China Continental,0.0,0.0,1977
Cingapura,0.0,0.0,1977
Costa Rica,0.0,0.0,1977
Emirados,0.0,0.0,1977
Espanha,0.0,0.0,1977
Estados Unidos,171998.0,378357.0,1977
França,0.0,0.0,1977
Grécia,20000.0,23500.0,1977
Guiana Britânica,0.0,0.0,1977
Índia,0.0,0.0,1977
Irã,0.0,0.0,1977
Itália,0.0,0.0,1977
Japão,0.0,0.0,1977
México,686190.0,990436.0,1977
Países Baixos,0.0,0.0,1977
Paraguai,0.0,0.0,1977
Peru,0.0,0.0,1977
Portugal,0.0,0.0,1977
Reino Unido,0.0,0.0,1977
Suécia,0.0,0.0,1977
Turquia,0.0,0.0,1977
Uruguai,0.0,0.0,1977
Uzbequistão,0.0,0.0,1977
Venezuela,0.0,0.0,1977
Não consta na tabela,0.0,0.0,1977
Outros,0.0,0.0,1977
Afeganistão,0.0,0.0,1978
África do Sul,0.0,0.0,1978
"Alemanha, República Democrática",0.0,0.0,1978
Arábia Saudita,0.0,0.0,1978
Argentina,2385266.0,2683017.0,1978
Austrália,0.0,0.0,1978
Bélgica,0.0,0.0,1978
Chile,756026.0,1278523.0,1978
China,0.0,0.0,1978
China Continental,0.0,0.0,1978
Cingapura,0.0,0.0,1978
Costa Rica,0.0,0.0,1978
Emirados,0.0,0.0,1978
Espanha,3000.0,10850.0,1978
Estados Unidos,102285.0,251489.0,1978
França,0.0,0.0,1978
Grécia,12500.0,12812.0,1978
Guiana Britânica,0.0,0.0,1978
Índia,0.0,0.0,1978
Irã,0.0,0.0,1978
Itália,0.0,0.0,1978
Japão,0.0,0.0,1978
México,778330.0,1154578.0,1978
Países Baixos,0.0,0.0,1978
Paraguai,0.0,0.0,1978
Peru,0.0,0.0,1978
Portugal,0.0,0.0,1978
Reino Unido,0.0,0.0,1978
Suécia,0.0,0.0,1978
Turquia,0.0,0.0,1978
Uruguai,0.0,0.0,1978
Uzbequistão,0.0,0.0,1978
Venezuela,0.0,0.0,1978
Não consta na tabela,0.0,0.0,1978
Outros,0.0,0.0,1978
Afeganistão,0.0,0.0,1979
África do Sul,0.0,0.0,1979
"Alemanha, República Democrática",0.0,0.0,1979
Arábia Saudita,0.0,0.0,1979
Argentina,1527094.0,3998797.0,1979
Austrália,0.0,0.0,1979
Bélgica,0.0,0.0,1979
Chile,1088002.0,2567693.0,1979
China,0.0,0.0,1979
China Continental,0.0,0.0,1979
Cingapura,0.0,0.0,1979
Costa Rica,0.0,0.0,1979
Emirados,0.0,0.0,1979
Espanha,1680.0,7056.0,1979
Estados Unidos,53591.0,227326.0,1979
França,0.0,0.0,1979
Grécia,25000.0,36813.0,1979
Guiana Britânica,0.0,0.0,1979
Índia,0.0,0.0,1979
Irã,0.0,0.0,1979
Itália,0.0,0.0,1979
Japão,0.0,0.0,1979
México,1126710.0,2530026.0,1979
Países Baixos,0.0,0.0,1979
Paraguai,0.0,0.0,1979
Peru,0.0,0.0,1979
Portugal,0.0,0.0,1979
Reino Unido,0.0,0.0,1979
Suécia,0.0,0.0,1979
Turquia,0.0,0.0,1979
Uruguai,0.0,0.0,1979
Uzbequistão,0.0,0.0,1979
Venezuela,0.0,0.0,1979
Não consta na tabela,0.0,0.0,1979
Outros,0.0,0.0,1979
Afeganistão,0.0,0.0,1980
África do Sul,0.0,0.0,1980
"Alemanha, República Democrática",0.0,0.0,1980
Arábia Saudita,0.0,0.0,1980
Argentina,1586137.0,3707049.0,1980
Austrália,0.0,0.0,1980
Bélgica,0.0,0.0,1980
Chile,484040.0,1100566.0,1980
China,0.0,0.0,1980
China Continental,0.0,0.0,1980
Cingapura,0.0,0.0,1980
Costa Rica,0.0,0.0,1980
Emirados,0.0,0.0,1980
Espanha,0.0,0.0,1980
Estados Unidos,148029.0,387349.0,1980
França,0.0,0.0,1980
Grécia,25000.0,50563.0,1980
Guiana Britânica,0.0,0.0,1980
Índia,0.0,0.0,1980
Irã,0.0,0.0,1980
Itália,0.0,0.0,1980
Japão,0.0,0.0,1980
México,1336070.0,2674311.0,1980
Países Baixos,0.0,0.0,1980
Paraguai,0.0,0.0,1980
Peru,0.0,0.0,1980
Portugal,0.0,0.0,1980
Reino Unido,0.0,0.0,1980
Suécia,0.0,0.0,1980
Turquia,7000.0,11885.0,1980
Uruguai,0.0,0.0,1980
Uzbequistão,0.0,0.0,1980
Venezuela,0.0,0.0,1980
Não consta na tabela,0.0,0.0,1980
Outros,0.0,0.0,1980
Afeganistão,0.0,0.0,1981
África do Sul,0.0,0.0,1981
"Alemanha, República Democrática",0.0,0.0,1981
Arábia Saudita,0.0,0.0,1981
Argentina,1558200.0,1937074.0,1981
Austrália,0.0,0.0,1981
Bélgica,0.0,0.0,1981
Chile,327662.0,647273.0,1981
China,0.0,0.0,1981
China Continental,0.0,0.0,1981
Cingapura,0.0,0.0,1981
Costa Rica,0.0,0.0,1981
Emirados,0.0,0.0,1981
Espanha,0.0,0.0,1981
Estados Unidos,126804.0,326790.0,1981
França,0.0,0.0,1981
Grécia,0.0,0.0,1981
Guiana Britânica,0.0,0.0,1981
Índia,0.0,0.0,1981
Irã,0.0,0.0,1981
Itália,0.0,0.0,1981
Japão,0.0,0.0,1981
México,1228260.0,2382306.0,1981
Países Baixos,0.0,0.0,1981
Paraguai,0.0,0.0,1981
Peru,0.0,0.0,1981
Portugal,0.0,0.0,1981
Reino Unido,0.0,0.0,1981
Suécia,0.0,0.0,1981
Turquia,0.0,0.0,1981
Uruguai,0.0,0.0,1981
Uzbequistão,0.0,0.0,1981
Venezuela,0.0,0.0,1981
Não consta na tabela,0.0,0.0,1981
Outros,0.0,0.0,1981
Afeganistão,0.0,0.0,1982
África do Sul,0.0,0.0,1982
"Alemanha, República Democrática",0.0,0.0,1982
Arábia Saudita,0.0,0.0,1982
Argentina,1875664.0,1739134.0,1982
Austrália,0.0,0.0,1982
Bélgica,0.0,0.0,1982
Chile,961997.0,1572341.0,1982
China,0.0,0.0,1982
China Continental,0.0,0.0,1982
Cingapura,0.0,0.0,1982
Costa Rica,0.0,0.0,1982
Emirados,0.0,0.0,1982
Espanha,0.0,0.0,1982
Estados Unidos,140722.0,266479.0,1982
França,0.0,0.0,1982
Grécia,0.0,0.0,1982
Guiana Britânica,0.0,0.0,1982
Índia,0.0,0.0,1982
Irã,0.0,0.0,1982
Itália,0.0,0.0,1982
Japão,0.0,0.0,1982
México,1214593.0,2115847.0,1982
Países Baixos,0.0,0.0,1982
Paraguai,0.0,0.0,1982
Peru,0.0,0.0,1982
Portugal,0.0,0.0,1982
Reino Unido,0.0,0.0,1982
Suécia,0.0,0.0,1982
Turquia,58996.0,74610.0,1982
Uruguai,0.0,0.0,1982
Uzbequistão,0.0,0.0,1982
Venezuela,0.0,0.0,1982
Não consta na tabela,0.0,0.0,1982
Outros,0.0,0.0,1982
Afeganistão,0.0,0.0,1983
África do Sul,0.0,0.0,1983
"Alemanha, República Democrática",0.0,0.0,1983
Arábia Saudita,0.0,0.0,1983
Argentina,2238826.0,1476166.0,1983
Austrália,0.0,0.0,1983
Bélgica,0.0,0.0,1983
Chile,1258680.0,1527431.0,1983
China,0.0,0.0,1983
China Continental,0.0,0.0,1983
Cingapura,0.0,0.0,1983
Costa Rica,0.0,0.0,1983
Emirados,0.0,0.0,1983
Espanha,0.0,0.0,1983
Estados Unidos,329134.0,395315.0,1983
França,0.0,0.0,1983
Grécia,0.0,0.0,1983
Guiana Britânica,0.0,0.0,1983
Índia,0.0,0.0,1983
Irã,0.0,0.0,1983
Itália,0.0,0.0,1983
Japão,0.0,0.0,1983
México,1485417.0,1944974.0,1983
Países Baixos,0.0,0.0,1983
Paraguai,0.0,0.0,1983
Peru,0.0,0.0,1983
Portugal,0.0,0.0,1983
Reino Unido,0.0,0.0,1983
Suécia,0.0,0.0,1983
Turquia,0.0,0.0,1983
Uruguai,0.0,0.0,1983
Uzbequistão,0.0,0.0,1983
Venezuela,0.0,0.0,1983
Não consta na tabela,0.0,0.0,1983
Outros,0.0,0.0,1983
Afeganistão,0.0,0.0,1984
África do Sul,0.0,0.0,1984
"Alemanha, República Democrática",0.0,0.0,1984
Arábia Saudita,0.0,0.0,1984
Argentina,1662475.0,1626556.0,1984
Austrália,0.0,0.0,1984
Bélgica,0.0,0.0,1984
Chile,1100570.0,1051746.0,1984
China,0.0,0.0,1984
China Continental,0.0,0.0,1984
Cingapura,0.0,0.0,1984
Costa Rica,0.0,0.0,1984
Emirados,0.0,0.0,1984
Espanha,0.0,0.0,1984
Estados Unidos,128745.0,132786.0,1984
França,0.0,0.0,1984
Grécia,0.0,0.0,1984
Guiana Britânica,0.0,0.0,1984
Índia,0.0,0.0,1984
Irã,0.0,0.0,1984
Itália,0.0,0.0,1984
Japão,0.0,0.0,1984
México,520390.0,578989.0,1984
Países Baixos,0.0,0.0,1984
Paraguai,0.0,0.0,1984
Peru,0.0,0.0,1984
Portugal,0.0,0.0,1984
Reino Unido,0.0,0.0,1984
Suécia,0.0,0.0,1984
Turquia,85288.0,65951.0,1984
Uruguai,0.0,0.0,1984
Uzbequistão,0.0,0.0,1984
Venezuela,0.0,0.0,1984
Não consta na tabela,0.0,0.0,1984
Outros,0.0,0.0,1984
Afeganistão,0.0,0.0,1985
África do Sul,0.0,0.0,1985
"Alemanha, República Democrática",0.0,0.0,1985
Arábia Saudita,0.0,0.0,1985
Argentina,1519220.0,1420332.0,1985
Austrália,0.0,0.0,1985
Bélgica,0.0,0.0,1985
Chile,1730970.0,1608648.0,1985
China,0.0,0.0,1985
China Continental,0.0,0.0,1985
Cingapura,0.0,0.0,1985
Costa Rica,0.0,0.0,1985
Emirados,0.0,0.0,1985
Espanha,0.0,0.0,1985
Estados Unidos,157087.0,165238.0,1985
França,0.0,0.0,1985
Grécia,0.0,0.0,1985
Guiana Britânica,0.0,0.0,1985
Índia,0.0,0.0,1985
Irã,0.0,0.0,1985
Itália,0.0,0.0,1985
Japão,0.0,0.0,1985
México,1194306.0,1202597.0,1985
Países Baixos,0.0,0.0,1985
Paraguai,0.0,0.0,1985
Peru,0.0,0.0,1985
Portugal,0.0,0.0,1985
Reino Unido,0.0,0.0,1985
Suécia,0.0,0.0,1985
Turquia,60120.0,48212.0,1985
Uruguai,0.0,0.0,1985
Uzbequistão,0.0,0.0,1985
Venezuela,0.0,0.0,1985
Não consta na tabela,0.0,0.0,1985
Outros,0.0,0.0,1985
Afeganistão,0.0,0.0,1986
África do Sul,0.0,0.0,1986
"Alemanha, República Democrática",0.0,0.0,1986
Arábia Saudita,0.0,0.0,1986
Argentina,2116776.0,2515764.0,1986
Austrália,0.0,0.0,1986
Bélgica,0.0,0.0,1986
Chile,2792410.0,2668045.0,1986
China,0.0,0.0,1986
China Continental,0.0,0.0,1986
Cingapura,0.0,0.0,1986
Costa Rica,0.0,0.0,1986
Emirados,0.0,0.0,1986
Espanha,0.0,0.0,1986
Estados Unidos,672895.0,991667.0,1986
França,0.0,0.0,1986
Grécia,0.0,0.0,1986
Guiana Britânica,0.0,0.0,1986
Índia,0.0,0.0,1986
Irã,0.0,0.0,1986
Itália,0.0,0.0,1986
Japão,0.0,0.0,1986
México,1164262.0,1113425.0,1986
Países Baixos,0.0,0.0,1986
Paraguai,0.0,0.0,1986
Peru,0.0,0.0,1986
Portugal,0.0,0.0,1986
Reino Unido,0.0,0.0,1986
Suécia,0.0,0.0,1986
Turquia,1102260.0,859244.0,1986
Uruguai,0.0,0.0,1986
Uzbequistão,0.0,0.0,1986
Venezuela,0.0,0.0,1986
Não consta na tabela,0.0,0.0,1986
Outros,0.0,0.0,1986
Afeganistão,0.0,0.0,1987
África do Sul,0.0,0.0,1987
"Alemanha, República Democrática",0.0,0.0,1987
Arábia Saudita,0.0,0.0,1987
Argentina,3011500.0,2988697.0,1987
Austrália,0.0,0.0,1987
Bélgica,0.0,0.0,1987
Chile,2810680.0,2854162.0,1987
China,0.0,0.0,1987
China Continental,0.0,0.0,1987
Cingapura,0.0,0.0,1987
Costa Rica,0.0,0.0,1987
Emirados,0.0,0.0,1987
Espanha,0.0,0.0,1987
Estados Unidos,117167.0,178174.0,1987
França,0.0,0.0,1987
Grécia,0.0,0.0,1987
Guiana Britânica,0.0,0.0,1987
Índia,0.0,0.0,1987
Irã,0.0,0.0,1987
Itália,0.0,0.0,1987
Japão,0.0,0.0,1987
México,1180260.0,1246750.0,1987
Países Baixos,0.0,0.0,1987
Paraguai,0.0,0.0,1987
Peru,0.0,0.0,1987
Portugal,0.0,0.0,1987
Reino Unido,0.0,0.0,1987
Suécia,0.0,0.0,1987
Turquia,189140.0,151522.0,1987
Uruguai,0.0,0.0,1987
Uzbequistão,0.0,0.0,1987
Venezuela,0.0,0.0,1987
Não consta na tabela,0.0,0.0,1987
Outros,0.0,0.0,1987
Afeganistão,0.0,0.0,1988
África do Sul,0.0,0.0,1988
"Alemanha, República Democrática",0.0,0.0,1988
Arábia Saudita,0.0,0.0,1988
Argentina,7894789.0,7741832.0,1988
Austrália,0.0,0.0,1988
Bélgica,0.0,0.0,1988
Chile,2747990.0,2277103.0,1988
China,0.0,0.0,1988
China Continental,0.0,0.0,1988
Cingapura,0.0,0.0,1988
Costa Rica,0.0,0.0,1988
Emirados,0.0,0.0,1988
Espanha,0.0,0.0,1988
Estados Unidos,161093.0,268528.0,1988
França,0.0,0.0,1988
Grécia,0.0,0.0,1988
Guiana Britânica,0.0,0.0,1988
Índia,0.0,0.0,1988
Irã,0.0,0.0,1988
Itália,0.0,0.0,1988
Japão,0.0,0.0,1988
México,194910.0,223533.0,1988
Países Baixos,0.0,0.0,1988
Paraguai,0.0,0.0,1988
Peru,0.0,0.0,1988
Portugal,0.0,0.0,1988
Reino Unido,0.0,0.0,1988
Suécia,0.0,0.0,1988
Turquia,1000.0,1225.0,1988
Uruguai,0.0,0.0,1988
Uzbequistão,0.0,0.0,1988
Venezuela,0.0,0.0,1988
Não consta na tabela,0.0,0.0,1988
Outros,0.0,0.0,1988
Afeganistão,0.0,0.0,1989
África do Sul,0.0,0.0,1989
"Alemanha, República Democrática",0.0,0.0,1989
Arábia Saudita,0.0,0.0,1989
Argentina,6392930.0,6765394.0,1989
Austrália,0.0,0.0,1989
Bélgica,0.0,0.0,1989
Chile,5592520.0,5272318.0,1989
China,0.0,0.0,1989
China Continental,0.0,0.0,1989
Cingapura,0.0,0.0,1989
Costa Rica,0.0,0.0,1989
Emirados,0.0,0.0,1989
Espanha,0.0,0.0,1989
Estados Unidos,196634.0,331736.0,1989
França,0.0,0.0,1989
Grécia,0.0,0.0,1989
Guiana Britânica,0.0,0.0,1989
Índia,0.0,0.0,1989
Irã,0.0,0.0,1989
Itália,0.0,0.0,1989
Japão,0.0,0.0,1989
México,585700.0,807367.0,1989
Países Baixos,0.0,0.0,1989
Paraguai,0.0,0.0,1989
Peru,0.0,0.0,1989
Portugal,0.0,0.0,1989
Reino Unido,0.0,0.0,1989
Suécia,0.0,0.0,1989
Turquia,55300.0,57715.0,1989
Uruguai,0.0,0.0,1989
Uzbequistão,0.0,0.0,1989
Venezuela,0.0,0.0,1989
Não consta na tabela,0.0,0.0,1989
Outros,0.0,0.0,1989
Afeganistão,0.0,0.0,1990
África do Sul,0.0,0.0,1990
"Alemanha, República Democrática",0.0,0.0,1990
Arábia Saudita,0.0,0.0,1990
Argentina,3758190.0,3641098.0,1990
Austrália,0.0,0.0,1990
Bélgica,0.0,0.0,1990
Chile,3431648.0,3543179.0,1990
China,0.0,0.0,1990
China Continental,0.0,0.0,1990
Cingapura,0.0,0.0,1990
Costa Rica,0.0,0.0,1990
Emirados,0.0,0.0,1990
Espanha,0.0,0.0,1990
Estados Unidos,167980.0,337966.0,1990
França,0.0,0.0,1990
Grécia,0.0,0.0,1990
Guiana Britânica,0.0,0.0,1990
Índia,0.0,0.0,1990
Irã,0.0,0.0,1990
Itália,0.0,0.0,1990
Japão,0.0,0.0,1990
México,420100.0,623068.0,1990
Países Baixos,0.0,0.0,1990
Paraguai,0.0,0.0,1990
Peru,0.0,0.0,1990
Portugal,0.0,0.0,1990
Reino Unido,0.0,0.0,1990
Suécia,0.0,0.0,1990
Turquia,4900.0,6860.0,1990
Uruguai,0.0,0.0,1990
Uzbequistão,0.0,0.0,1990
Venezuela,0.0,0.0,1990
Não consta na tabela,0.0,0.0,1990
Outros,0.0,0.0,1990
Afeganistão,0.0,0.0,1991
África do Sul,0.0,0.0,1991
"Alemanha, República Democrática",0.0,0.0,1991
Arábia Saudita,0.0,0.0,1991
Argentina,4726726.0,4931971.0,1991
Austrália,0.0,0.0,1991
Bélgica,0.0,0.0,1991
Chile,5372062.0,5582460.0,1991
China,0.0,0.0,1991
China Continental,0.0,0.0,1991
Cingapura,0.0,0.0,1991
Costa Rica,0.0,0.0,1991
Emirados,0.0,0.0,1991
Espanha,0.0,0.0,1991
Estados Unidos,135629.0,210446.0,1991
França,0.0,0.0,1991
Grécia,0.0,0.0,1991
Guiana Britânica,0.0,0.0,1991
Índia,0.0,0.0,1991
Irã,18500.0,17740.0,1991
Itália,0.0,0.0,1991
Japão,0.0,0.0,1991
México,353640.0,533265.0,1991
Países Baixos,0.0,0.0,1991
Paraguai,0.0,0.0,1991
Peru,0.0,0.0,1991
Portugal,0.0,0.0,1991
Reino Unido,0.0,0.0,1991
Suécia,0.0,0.0,1991
Turquia,36800.0,40816.0,1991
Uruguai,0.0,0.0,1991
Uzbequistão,0.0,0.0,1991
Venezuela,0.0,0.0,1991
Não consta na tabela,0.0,0.0,1991
Outros,0.0,0.0,1991
Afeganistão,0.0,0.0,1992
África do Sul,0.0,0.0,1992
"Alemanha, República Democrática",0.0,0.0,1992
Arábia Saudita,0.0,0.0,1992
Argentina,3061443.0,4023359.0,1992
Austrália,0.0,0.0,1992
Bélgica,0.0,0.0,1992
Chile,3149429.0,3817499.0,1992
China,0.0,0.0,1992
China Continental,0.0,0.0,1992
Cingapura,0.0,0.0,1992
Costa Rica,0.0,0.0,1992
Emirados,196800.0,200604.0,1992
Espanha,0.0,0.0,1992
Estados Unidos,320890.0,457440.0,1992
França,0.0,0.0,1992
Grécia,154975.0,160597.0,1992
Guiana Britânica,0.0,0.0,1992
Índia,0.0,0.0,1992
Irã,17800.0,24319.0,1992
Itália,0.0,0.0,1992
Japão,0.0,0.0,1992
México,251100.0,371880.0,1992
Países Baixos,0.0,0.0,1992
Paraguai,0.0,0.0,1992
Peru,0.0,0.0,1992
Portugal,0.0,0.0,1992
Reino Unido,0.0,0.0,1992
Suécia,0.0,0.0,1992
Turquia,435600.0,412348.0,1992
Uruguai,0.0,0.0,1992
Uzbequistão,0.0,0.0,1992
Venezuela,0.0,0.0,1992
Não consta na tabela,0.0,0.0,1992
Outros,0.0,0.0,1992
Afeganistão,0.0,0.0,1993
África do Sul,0.0,0.0,1993
"Alemanha, República Democrática",0.0,0.0,1993
Arábia Saudita,0.0,0.0,1993
Argentina,1772727.0,3079487.0,1993
Austrália,0.0,0.0,1993
Bélgica,0.0,0.0,1993
Chile,4604409.0,5788115.0,1993
China,0.0,0.0,1993
China Continental,0.0,0.0,1993
Cingapura,0.0,0.0,1993
Costa Rica,0.0,0.0,1993
Emirados,0.0,0.0,1993
Espanha,0.0,0.0,1993
Estados Unidos,772669.0,1214020.0,1993
França,0.0,0.0,1993
Grécia,54000.0,56960.0,1993
Guiana Britânica,0.0,0.0,1993
Índia,0.0,0.0,1993
Irã,586390.0,642149.0,1993
Itália,0.0,0.0,1993
Japão,0.0,0.0,1993
México,637474.0,894588.0,1993
Países Baixos,0.0,0.0,1993
Paraguai,0.0,0.0,1993
Peru,0.0,0.0,1993
Portugal,0.0,0.0,1993
Reino Unido,0.0,0.0,1993
Suécia,0.0,0.0,1993
Turquia,593460.0,591601.0,1993
Uruguai,0.0,0.0,1993
Uzbequistão,0.0,0.0,1993
Venezuela,1000.0,200.0,1993
Não consta na tabela,0.0,0.0,1993
Outros,51.0,50.0,1993
Afeganistão,0.0,0.0,1994
África do Sul,0.0,0.0,1994
"Alemanha, República Democrática",3.0,8.0,1994
Arábia Saudita,0.0,0.0,1994
Argentina,4433113.0,5435003.0,1994
Austrália,0.0,0.0,1994
Bélgica,0.0,0.0,1994
Chile,6568978.0,7727671.0,1994
China,0.0,0.0,1994
China Continental,0.0,0.0,1994
Cingapura,0.0,0.0,1994
Costa Rica,0.0,0.0,1994
Emirados,36000.0,36181.0,1994
Espanha,0.0,0.0,1994
Estados Unidos,832061.0,1241890.0,1994
França,0.0,0.0,1994
Grécia,81012.0,101264.0,1994
Guiana Britânica,0.0,0.0,1994
Índia,0.0,0.0,1994
Irã,1013544.0,872062.0,1994
Itália,0.0,0.0,1994
Japão,0.0,0.0,1994
México,351600.0,529428.0,1994
Países Baixos,0.0,0.0,1994
Paraguai,22000.0,27500.0,1994
Peru,0.0,0.0,1994
Portugal,0.0,0.0,1994
Reino Unido,0.0,0.0,1994
Suécia,0.0,0.0,1994
Turquia,975130.0,842411.0,1994
Uruguai,0.0,0.0,1994
Uzbequistão,0.0,0.0,1994
Venezuela,130.0,110.0,1994
Não consta na tabela,0.0,0.0,1994
Outros,102.0,150.0,1994
Afeganistão,0.0,0.0,1995
África do Sul,0.0,0.0,1995
"Alemanha, República Democrática",12.0,22.0,1995
Arábia Saudita,0.0,0.0,1995
Argentina,4172453.0,4708913.0,1995
Austrália,0.0,0.0,1995
Bélgica,0.0,0.0,1995
Chile,32331682.0,9055566.0,1995
China,0.0,0.0,1995
China Continental,41.0,39.0,1995
Cingapura,0.0,0.0,1995
Costa Rica,0.0,0.0,1995
Emirados,49580.0,53853.0,1995
Espanha,3222.0,8090.0,1995
Estados Unidos,643784.0,990177.0,1995
França,20.0,7.0,1995
Grécia,21220.0,27337.0,1995
Guiana Britânica,0.0,0.0,1995
Índia,0.0,0.0,1995
Irã,369269.0,394150.0,1995
Itália,0.0,0.0,1995
Japão,0.0,0.0,1995
México,749518.0,938320.0,1995
Países Baixos,0.0,0.0,1995
Paraguai,0.0,0.0,1995
Peru,0.0,0.0,1995
Portugal,0.0,0.0,1995
Reino Unido,0.0,0.0,1995
Suécia,0.0,0.0,1995
Turquia,158550.0,170454.0,1995
Uruguai,0.0,0.0,1995
Uzbequistão,0.0,0.0,1995
Venezuela,3015.0,1473.0,1995
Não consta na tabela,0.0,0.0,1995
Outros,40054.0,24077.0,1995
Afeganistão,0.0,0.0,1996
África do Sul,0.0,0.0,1996
"Alemanha, República Democrática",29.0,31.0,1996
Arábia Saudita,0.0,0.0,1996
Argentina,7103048.0,8416185.0,1996
Austrália,0.0,0.0,1996
Bélgica,0.0,0.0,1996
Chile,6036433.0,8191108.0,1996
China,0.0,0.0,1996
China Continental,0.0,0.0,1996
Cingapura,0.0,0.0,1996
Costa Rica,0.0,0.0,1996
Emirados,31250.0,53081.0,1996
Espanha,338.0,1158.0,1996
Estados Unidos,732591.0,1405841.0,1996
França,49.0,386.0,1996
Grécia,19000.0,27170.0,1996
Guiana Britânica,0.0,0.0,1996
Índia,0.0,0.0,1996
Irã,34000.0,44200.0,1996
Itália,0.0,0.0,1996
Japão,0.0,0.0,1996
México,269500.0,311525.0,1996
Países Baixos,0.0,0.0,1996
Paraguai,0.0,0.0,1996
Peru,0.0,0.0,1996
Portugal,0.0,0.0,1996
Reino Unido,0.0,0.0,1996
Suécia,0.0,0.0,1996
Turquia,615150.0,649499.0,1996
Uruguai,0.0,0.0,1996
Uzbequistão,0.0,0.0,1996
Venezuela,1210.0,437.0,1996
Não consta na tabela,2.0,9.0,1996
Outros,75.0,459.0,1996
Afeganistão,0.0,0.0,1997
África do Sul,15253.0,29681.0,1997
"Alemanha, República Democrática",95005.0,107123.0,1997
Arábia Saudita,0.0,0.0,1997
Argentina,5673231.0,8436301.0,1997
Austrália,0.0,0.0,1997
Bélgica,0.0,0.0,1997
Chile,3882680.0,6518525.0,1997
China,0.0,0.0,1997
China Continental,0.0,0.0,1997
Cingapura,0.0,0.0,1997
Costa Rica,0.0,0.0,1997
Emirados,89820.0,103183.0,1997
Espanha,6000.0,23763.0,1997
Estados Unidos,1397848.0,2457078.0,1997
França,0.0,0.0,1997
Grécia,459500.0,499383.0,1997
Guiana Britânica,0.0,0.0,1997
Índia,0.0,0.0,1997
Irã,226480.0,224265.0,1997
Itália,40320.0,43142.0,1997
Japão,0.0,0.0,1997
México,183000.0,308985.0,1997
Países Baixos,0.0,0.0,1997
Paraguai,0.0,0.0,1997
Peru,0.0,0.0,1997
Portugal,0.0,0.0,1997
Reino Unido,0.0,0.0,1997
Suécia,0.0,0.0,1997
Turquia,4342570.0,4854419.0,1997
Uruguai,0.0,0.0,1997
Uzbequistão,0.0,0.0,1997
Venezuela,750.0,283.0,1997
Não consta na tabela,0.0,0.0,1997
Outros,5475.0,10518.0,1997
Afeganistão,0.0,0.0,1998
África do Sul,178585.0,341606.0,1998
"Alemanha, República Democrática",143.0,101.0,1998
Arábia Saudita,0.0,0.0,1998
Argentina,4237403.0,6256924.0,1998
Austrália,0.0,0.0,1998
Bélgica,0.0,0.0,1998
Chile,4033736.0,6056881.0,1998
China,0.0,0.0,1998
China Continental,0.0,0.0,1998
Cingapura,0.0,0.0,1998
Costa Rica,0.0,0.0,1998
Emirados,17420.0,26546.0,1998
Espanha,6004.0,25691.0,1998
Estados Unidos,1306508.0,2037588.0,1998
França,19510.0,33593.0,1998
Grécia,138000.0,151548.0,1998
Guiana Britânica,0.0,0.0,1998
Índia,0.0,0.0,1998
Irã,16500.0,23475.0,1998
Itália,0.0,0.0,1998
Japão,0.0,0.0,1998
México,156160.0,219099.0,1998
Países Baixos,0.0,0.0,1998
Paraguai,0.0,0.0,1998
Peru,0.0,0.0,1998
Portugal,0.0,0.0,1998
Reino Unido,0.0,0.0,1998
Suécia,0.0,0.0,1998
Turquia,5336758.0,5591214.0,1998
Uruguai,0.0,0.0,1998
Uzbequistão,0.0,0.0,1998
Venezuela,40.0,14.0,1998
Não consta na tabela,0.0,0.0,1998
Outros,0.0,0.0,1998
Afeganistão,0.0,0.0,1999
África do Sul,66912.0,123771.0,1999
"Alemanha, República Democrática",0.0,0.0,1999
Arábia Saudita,0.0,0.0,1999
Argentina,3438508.0,4855950.0,1999
Austrália,0.0,0.0,1999
Bélgica,0.0,0.0,1999
Chile,3853245.0,5815682.0,1999
China,0.0,0.0,1999
China Continental,0.0,0.0,1999
Cingapura,0.0,0.0,1999
Costa Rica,0.0,0.0,1999
Emirados,0.0,0.0,1999
Espanha,288.0,1080.0,1999
Estados Unidos,514513.0,1094056.0,1999
França,0.0,0.0,1999
Grécia,91000.0,130910.0,1999
Guiana Britânica,0.0,0.0,1999
Índia,0.0,0.0,1999
Irã,1128400.0,1329891.0,1999
Itália,0.0,0.0,1999
Japão,0.0,0.0,1999
México,96000.0,137957.0,1999
Países Baixos,0.0,0.0,1999
Paraguai,0.0,0.0,1999
Peru,0.0,0.0,1999
Portugal,0.0,0.0,1999
Reino Unido,0.0,0.0,1999
Suécia,0.0,0.0,1999
Turquia,6792500.0,6548193.0,1999
Uruguai,0.0,0.0,1999
Uzbequistão,0.0,0.0,1999
Venezuela,0.0,0.0,1999
Não consta na tabela,0.0,0.0,1999
Outros,35150.0,46985.0,1999
Afeganistão,0.0,0.0,2000
África do Sul,35617.0,54452.0,2000
"Alemanha, República Democrática",0.0,0.0,2000
Arábia Saudita,0.0,0.0,2000
Argentina,3367629.0,3886025.0,2000
Austrália,0.0,0.0,2000
Bélgica,0.0,0.0,2000
Chile,4909468.0,5801413.0,2000
China,0.0,0.0,2000
China Continental,0.0,0.0,2000
Cingapura,0.0,0.0,2000
Costa Rica,0.0,0.0,2000
Emirados,17500.0,16119.0,2000
Espanha,303.0,1096.0,2000
Estados Unidos,573211.0,1123705.0,2000
França,0.0,0.0,2000
Grécia,0.0,0.0,2000
Guiana Britânica,0.0,0.0,2000
Índia,0.0,0.0,2000
Irã,700130.0,773013.0,2000
Itália,0.0,0.0,2000
Japão,0.0,0.0,2000
México,17500.0,32538.0,2000
Países Baixos,0.0,0.0,2000
Paraguai,0.0,0.0,2000
Peru,0.0,0.0,2000
Portugal,0.0,0.0,2000
Reino Unido,0.0,0.0,2000
Suécia,0.0,0.0,2000
Turquia,5268800.0,4496527.0,2000
Uruguai,0.0,0.0,2000
Uzbequistão,0.0,0.0,2000
Venezuela,0.0,0.0,2000
Não consta na tabela,0.0,0.0,2000
Outros,38375.0,45483.0,2000
Afeganistão,0.0,0.0,2001
África do Sul,152070.0,190827.0,2001
"Alemanha, República Democrática",0.0,0.0,2001
Arábia Saudita,0.0,0.0,2001
Argentina,2634368.0,2444780.0,2001
Austrália,0.0,0.0,2001
Bélgica,102625.0,55359.0,2001
Chile,3223998.0,3319107.0,2001
China,0.0,0.0,2001
China Continental,0.0,0.0,2001
Cingapura,0.0,0.0,2001
Costa Rica,0.0,0.0,2001
Emirados,36000.0,23190.0,2001
Espanha,0.0,0.0,2001
Estados Unidos,487549.0,773763.0,2001
França,0.0,0.0,2001
Grécia,0.0,0.0,2001
Guiana Britânica,0.0,0.0,2001
Índia,0.0,0.0,2001
Irã,1353836.0,780010.0,2001
Itália,0.0,0.0,2001
Japão,0.0,0.0,2001
México,0.0,0.0,2001
Países Baixos,0.0,0.0,2001
Paraguai,0.0,0.0,2001
Peru,0.0,0.0,2001
Portugal,0.0,0.0,2001
Reino Unido,0.0,0.0,2001
Suécia,0.0,0.0,2001
Turquia,8413300.0,4646072.0,2001
Uruguai,0.0,0.0,2001
Uzbequistão,0.0,0.0,2001
Venezuela,0.0,0.0,2001
Não consta na tabela,0.0,0.0,2001
Outros,3967.0,4363.0,2001
Afeganistão,0.0,0.0,2002
África do Sul,88885.0,103632.0,2002
"Alemanha, República Democrática",0.0,0.0,2002
Arábia Saudita,0.0,0.0,2002
Argentina,10502997.0,7213368.0,2002
Austrália,0.0,0.0,2002
Bélgica,20750.0,17563.0,2002
Chile,1108017.0,1020342.0,2002
China,0.0,0.0,2002
China Continental,0.0,0.0,2002
Cingapura,0.0,0.0,2002
Costa Rica,0.0,0.0,2002
Emirados,18000.0,22750.0,2002
Espanha,0.0,0.0,2002
Estados Unidos,427744.0,557678.0,2002
França,0.0,0.0,2002
Grécia,0.0,0.0,2002
Guiana Britânica,0.0,0.0,2002
Índia,0.0,0.0,2002
Irã,528875.0,368147.0,2002
Itália,0.0,0.0,2002
Japão,0.0,0.0,2002
México,0.0,0.0,2002
Países Baixos,0.0,0.0,2002
Paraguai,0.0,0.0,2002
Peru,0.0,0.0,2002
Portugal,0.0,0.0,2002
Reino Unido,0.0,0.0,2002
Suécia,0.0,0.0,2002
Turquia,987370.0,642681.0,2002
Uruguai,75000.0,47250.0,2002
Uzbequistão,0.0,0.0,2002
Venezuela,0.0,0.0,2002
Não consta na tabela,0.0,0.0,2002
Outros,0.0,0.0,2002
Afeganistão,0.0,0.0,2003
África do Sul,59000.0,96513.0,2003
"Alemanha, República Democrática",0.0,0.0,2003
Arábia Saudita,18000.0,16900.0,2003
Argentina,6449180.0,5741921.0,2003
Austrália,0.0,0.0,2003
Bélgica,187450.0,141872.0,2003
Chile,6011522.0,5283111.0,2003
China,0.0,0.0,2003
China Continental,0.0,0.0,2003
Cingapura,0.0,0.0,2003
Costa Rica,0.0,0.0,2003
Emirados,271970.0,259971.0,2003
Espanha,0.0,0.0,2003
Estados Unidos,504069.0,767763.0,2003
França,0.0,0.0,2003
Grécia,0.0,0.0,2003
Guiana Britânica,0.0,0.0,2003
Índia,0.0,0.0,2003
Irã,592175.0,558656.0,2003
Itália,0.0,0.0,2003
Japão,0.0,0.0,2003
México,0.0,0.0,2003
Países Baixos,0.0,0.0,2003
Paraguai,0.0,0.0,2003
Peru,0.0,0.0,2003
Portugal,0.0,0.0,2003
Reino Unido,0.0,0.0,2003
Suécia,0.0,0.0,2003
Turquia,913290.0,669604.0,2003
Uruguai,16800.0,17400.0,2003
Uzbequistão,0.0,0.0,2003
Venezuela,0.0,0.0,2003
Não consta na tabela,0.0,0.0,2003
Outros,0.0,0.0,2003
Afeganistão,0.0,0.0,2004
África do Sul,0.0,0.0,2004
"Alemanha, República Democrática",0.0,0.0,2004
Arábia Saudita,0.0,0.0,2004
Argentina,12287672.0,14106821.0,2004
Austrália,0.0,0.0,2004
Bélgica,41500.0,30416.0,2004
Chile,933010.0,1200730.0,2004
China,0.0,0.0,2004
China Continental,0.0,0.0,2004
Cingapura,0.0,0.0,2004
Costa Rica,0.0,0.0,2004
Emirados,329470.0,351485.0,2004
Espanha,0.0,0.0,2004
Estados Unidos,470966.0,748024.0,2004
França,0.0,0.0,2004
Grécia,0.0,0.0,2004
Guiana Britânica,0.0,0.0,2004
Índia,0.0,0.0,2004
Irã,929370.0,1001650.0,2004
Itália,0.0,0.0,2004
Japão,0.0,0.0,2004
México,0.0,0.0,2004
Países Baixos,0.0,0.0,2004
Paraguai,0.0,0.0,2004
Peru,0.0,0.0,2004
Portugal,0.0,0.0,2004
Reino Unido,0.0,0.0,2004
Suécia,0.0,0.0,2004
Turquia,1666888.0,1531208.0,2004
Uruguai,0.0,0.0,2004
Uzbequistão,0.0,0.0,2004
Venezuela,0.0,0.0,2004
Não consta na tabela,0.0,0.0,2004
Outros,0.0,0.0,2004
Afeganistão,0.0,0.0,2005
África do Sul,17940.0,23195.0,2005
"Alemanha, República Democrática",0.0,0.0,2005
Arábia Saudita,0.0,0.0,2005
Argentina,10271403.0,12379126.0,2005
Austrália,0.0,0.0,2005
Bélgica,0.0,0.0,2005
Chile,534750.0,735554.0,2005
China,0.0,0.0,2005
China Continental,0.0,0.0,2005
Cingapura,0.0,0.0,2005
Costa Rica,0.0,0.0,2005
Emirados,489760.0,503598.0,2005
Espanha,0.0,0.0,2005
Estados Unidos,448370.0,966879.0,2005
França,0.0,0.0,2005
Grécia,0.0,0.0,2005
Guiana Britânica,0.0,0.0,2005
Índia,0.0,0.0,2005
Irã,893890.0,894899.0,2005
Itália,0.0,0.0,2005
Japão,0.0,0.0,2005
México,0.0,0.0,2005
Países Baixos,0.0,0.0,2005
Paraguai,0.0,0.0,2005
Peru,0.0,0.0,2005
Portugal,0.0,0.0,2005
Reino Unido,0.0,0.0,2005
Suécia,0.0,0.0,2005
Turquia,2914500.0,2704370.0,2005
Uruguai,0.0,0.0,2005
Uzbequistão,26000.0,18570.0,2005
Venezuela,0.0,0.0,2005
Não consta na tabela,0.0,0.0,2005
Outros,0.0,0.0,2005
Afeganistão,0.0,0.0,2006
África do Sul,19000.0,27050.0,2006
"Alemanha, República Democrática",0.0,0.0,2006
Arábia Saudita,0.0,0.0,2006
Argentina,11555010.0,14810371.0,2006
Austrália,0.0,0.0,2006
Bélgica,0.0,0.0,2006
Chile,3847300.0,4531374.0,2006
China,0.0,0.0,2006
China Continental,0.0,0.0,2006
Cingapura,0.0,0.0,2006
Costa Rica,0.0,0.0,2006
Emirados,182745.0,236628.0,2006
Espanha,0.0,0.0,2006
Estados Unidos,493921.0,977964.0,2006
França,0.0,0.0,2006
Grécia,0.0,0.0,2006
Guiana Britânica,0.0,0.0,2006
Índia,0.0,0.0,2006
Irã,1337820.0,1726898.0,2006
Itália,0.0,0.0,2006
Japão,0.0,0.0,2006
México,0.0,0.0,2006
Países Baixos,0.0,0.0,2006
Paraguai,0.0,0.0,2006
Peru,0.0,0.0,2006
Portugal,0.0,0.0,2006
Reino Unido,0.0,0.0,2006
Suécia,0.0,0.0,2006
Turquia,2300140.0,2550285.0,2006
Uruguai,0.0,0.0,2006
Uzbequistão,40000.0,32135.0,2006
Venezuela,0.0,0.0,2006
Não consta na tabela,0.0,0.0,2006
Outros,0.0,0.0,2006
Afeganistão,0.0,0.0,2007
África do Sul,99500.0,215677.0,2007
"Alemanha, República Democrática",0.0,0.0,2007
Arábia Saudita,0.0,0.0,2007
Argentina,15203133.0,19187668.0,2007
Austrália,0.0,0.0,2007
Bélgica,0.0,0.0,2007
Chile,1239130.0,1415636.0,2007
China,0.0,0.0,2007
China Continental,148000.0,250669.0,2007
Cingapura,0.0,0.0,2007
Costa Rica,0.0,0.0,2007
Emirados,0.0,0.0,2007
Espanha,0.0,0.0,2007
Estados Unidos,370796.0,780250.0,2007
França,0.0,0.0,2007
Grécia,0.0,0.0,2007
Guiana Britânica,0.0,0.0,2007
Índia,0.0,0.0,2007
Irã,1040345.0,1679789.0,2007
Itália,2075.0,6600.0,2007
Japão,0.0,0.0,2007
México,0.0,0.0,2007
Países Baixos,0.0,0.0,2007
Paraguai,0.0,0.0,2007
Peru,0.0,0.0,2007
Portugal,0.0,0.0,2007
Reino Unido,0.0,0.0,2007
Suécia,0.0,0.0,2007
Turquia,792250.0,911049.0,2007
Uruguai,0.0,0.0,2007
Uzbequistão,0.0,0.0,2007
Venezuela,0.0,0.0,2007
Não consta na tabela,0.0,0.0,2007
Outros,0.0,0.0,2007
Afeganistão,0.0,0.0,2008
África do Sul,641051.0,1032307.0,2008
"Alemanha, República Democrática",0.0,0.0,2008
Arábia Saudita,0.0,0.0,2008
Argentina,15641645.0,26994373.0,2008
Austrália,0.0,0.0,2008
Bélgica,0.0,0.0,2008
Chile,2075850.0,3697242.0,2008
China,0.0,0.0,2008
China Continental,0.0,0.0,2008
Cingapura,0.0,0.0,2008
Costa Rica,0.0,0.0,2008
Emirados,124510.0,204910.0,2008
Espanha,0.0,0.0,2008
Estados Unidos,448157.0,923410.0,2008
França,0.0,0.0,2008
Grécia,0.0,0.0,2008
Guiana Britânica,0.0,0.0,2008
Índia,0.0,0.0,2008
Irã,1089540.0,1925865.0,2008
Itália,1250.0,5491.0,2008
Japão,0.0,0.0,2008
México,0.0,0.0,2008
Países Baixos,0.0,0.0,2008
Paraguai,0.0,0.0,2008
Peru,0.0,0.0,2008
Portugal,0.0,0.0,2008
Reino Unido,0.0,0.0,2008
Suécia,0.0,0.0,2008
Turquia,124100.0,188996.0,2008
Uruguai,0.0,0.0,2008
Uzbequistão,0.0,0.0,2008
Venezuela,0.0,0.0,2008
Não consta na tabela,0.0,0.0,2008
Outros,0.0,0.0,2008
Afeganistão,0.0,0.0,2009
África do Sul,195000.0,563360.0,2009
"Alemanha, República Democrática",0.0,0.0,2009
Arábia Saudita,0.0,0.0,2009
Argentina,17209323.0,24106889.0,2009
Austrália,0.0,0.0,2009
Bélgica,0.0,0.0,2009
Chile,4498510.0,6469816.0,2009
China,0.0,0.0,2009
China Continental,0.0,0.0,2009
Cingapura,0.0,0.0,2009
Costa Rica,0.0,0.0,2009
Emirados,39000.0,94203.0,2009
Espanha,0.0,0.0,2009
Estados Unidos,347316.0,783086.0,2009
França,0.0,0.0,2009
Grécia,0.0,0.0,2009
Guiana Britânica,0.0,0.0,2009
Índia,128000.0,270168.0,2009
Irã,112460.0,191560.0,2009
Itália,0.0,0.0,2009
Japão,0.0,0.0,2009
México,0.0,0.0,2009
Países Baixos,0.0,0.0,2009
Paraguai,0.0,0.0,2009
Peru,0.0,0.0,2009
Portugal,0.0,0.0,2009
Reino Unido,0.0,0.0,2009
Suécia,0.0,0.0,2009
Turquia,126600.0,169075.0,2009
Uruguai,0.0,0.0,2009
Uzbequistão,0.0,0.0,2009
Venezuela,0.0,0.0,2009
Não consta na tabela,0.0,0.0,2009
Outros,0.0,0.0,2009
Afeganistão,18000.0,28050.0,2010
África do Sul,700846.0,2037012.0,2010
"Alemanha, República Democrática",0.0,0.0,2010
Arábia Saudita,0.0,0.0,2010
Argentina,17279688.0,34499504.0,2010
Austrália,0.0,0.0,2010
Bélgica,0.0,0.0,2010
Chile,814720.0,1660791.0,2010
China,0.0,0.0,2010
China Continental,19000.0,39520.0,2010
Cingapura,0.0,0.0,2010
Costa Rica,0.0,0.0,2010
Emirados,20000.0,44949.0,2010
Espanha,0.0,0.0,2010
Estados Unidos,526225.0,1274258.0,2010
França,0.0,0.0,2010
Grécia,0.0,0.0,2010
Guiana Britânica,0.0,0.0,2010
Índia,0.0,0.0,2010
Irã,4112310.0,6968914.0,2010
Itália,0.0,0.0,2010
Japão,0.0,0.0,2010
México,0.0,0.0,2010
Países Baixos,0.0,0.0,2010
Paraguai,0.0,0.0,2010
Peru,0.0,0.0,2010
Portugal,0.0,0.0,2010
Reino Unido,0.0,0.0,2010
Suécia,0.0,0.0,2010
Turquia,2428575.0,4111212.0,2010
Uruguai,0.0,0.0,2010
Uzbequistão,0.0,0.0,2010
Venezuela,0.0,0.0,2010
Não consta na tabela,0.0,0.0,2010
Outros,0.0,0.0,2010
Afeganistão,400000.0,669059.0,2011
África do Sul,184250.0,596923.0,2011
"Alemanha, República Democrática",0.0,0.0,2011
Arábia Saudita,0.0,0.0,2011
Argentina,20533473.0,43262321.0,2011
Austrália,0.0,0.0,2011
Bélgica,0.0,0.0,2011
Chile,1127280.0,2614062.0,2011
China,0.0,0.0,2011
China Continental,19200.0,51100.0,2011
Cingapura,38150.0,97572.0,2011
Costa Rica,0.0,0.0,2011
Emirados,35460.0,100631.0,2011
Espanha,0.0,0.0,2011
Estados Unidos,391515.0,1180759.0,2011
França,0.0,0.0,2011
Grécia,4095.0,25496.0,2011
Guiana Britânica,0.0,0.0,2011
Índia,0.0,0.0,2011
Irã,533570.0,1250450.0,2011
Itália,10.0,39.0,2011
Japão,0.0,0.0,2011
México,0.0,0.0,2011
Países Baixos,0.0,0.0,2011
Paraguai,0.0,0.0,2011
Peru,0.0,0.0,2011
Portugal,13.0,59.0,2011
Reino Unido,0.0,0.0,2011
Suécia,0.0,0.0,2011
Turquia,987310.0,1735466.0,2011
Uruguai,0.0,0.0,2011
Uzbequistão,40000.0,63483.0,2011
Venezuela,0.0,0.0,2011
Não consta na tabela,0.0,0.0,2011
Outros,0.0,0.0,2011
Afeganistão,0.0,0.0,2012
África do Sul,986750.0,3527083.0,2012
"Alemanha, República Democrática",0.0,0.0,2012
Arábia Saudita,0.0,0.0,2012
Argentina,19728826.0,43648893.0,2012
Austrália,0.0,0.0,2012
Bélgica,0.0,0.0,2012
Chile,2046530.0,5049441.0,2012
China,0.0,0.0,2012
China Continental,63000.0,216812.0,2012
Cingapura,0.0,0.0,2012
Costa Rica,0.0,0.0,2012
Emirados,19000.0,70026.0,2012
Espanha,0.0,0.0,2012
Estados Unidos,512716.0,1619257.0,2012
França,1474.0,12148.0,2012
Grécia,0.0,0.0,2012
Guiana Britânica,0.0,0.0,2012
Índia,166862.0,268758.0,2012
Irã,306700.0,995038.0,2012
Itália,0.0,0.0,2012
Japão,0.0,0.0,2012
México,0.0,0.0,2012
Países Baixos,0.0,0.0,2012
Paraguai,0.0,0.0,2012
Peru,0.0,0.0,2012
Portugal,0.0,0.0,2012
Reino Unido,0.0,0.0,2012
Suécia,0.0,0.0,2012
Turquia,709785.0,1161161.0,2012
Uruguai,0.0,0.0,2012
Uzbequistão,71900.0,127883.0,2012
Venezuela,0.0,0.0,2012
Não consta na tabela,0.0,0.0,2012
Outros,0.0,0.0,2012
Afeganistão,18000.0,32600.0,2013
África do Sul,0.0,0.0,2013
"Alemanha, República Democrática",0.0,0.0,2013
Arábia Saudita,0.0,0.0,2013
Argentina,20571302.0,47105230.0,2013
Austrália,0.0,0.0,2013
Bélgica,0.0,0.0,2013
Chile,453310.0,1123963.0,2013
China,0.0,0.0,2013
China Continental,100027.0,193223.0,2013
Cingapura,40000.0,77213.0,2013
Costa Rica,0.0,0.0,2013
Emirados,240800.0,442625.0,2013
Espanha,0.0,0.0,2013
Estados Unidos,538319.0,1622047.0,2013
França,720.0,6016.0,2013
Grécia,0.0,0.0,2013
Guiana Britânica,0.0,0.0,2013
Índia,36000.0,64213.0,2013
Irã,1415828.0,2617493.0,2013
Itália,0.0,0.0,2013
Japão,0.0,0.0,2013
México,0.0,0.0,2013
Países Baixos,0.0,0.0,2013
Paraguai,0.0,0.0,2013
Peru,0.0,0.0,2013
Portugal,0.0,0.0,2013
Reino Unido,0.0,0.0,2013
Suécia,0.0,0.0,2013
Turquia,0.0,0.0,2013
Uruguai,0.0,0.0,2013
Uzbequistão,0.0,0.0,2013
Venezuela,0.0,0.0,2013
Não consta na tabela,0.0,0.0,2013
Outros,0.0,0.0,2013
Afeganistão,456000.0,789790.0,2014
África do Sul,2220275.0,3507617.0,2014
"Alemanha, República Democrática",0.0,0.0,2014
Arábia Saudita,0.0,0.0,2014
Argentina,14681136.0,34049473.0,2014
Austrália,0.0,0.0,2014
Bélgica,0.0,0.0,2014
Chile,2615382.0,5771763.0,2014
China,0.0,0.0,2014
China Continental,98050.0,142328.0,2014
Cingapura,0.0,0.0,2014
Costa Rica,0.0,0.0,2014
Emirados,100000.0,184835.0,2014
Espanha,0.0,0.0,2014
Estados Unidos,369887.0,1113398.0,2014
França,1600.0,3368.0,2014
Grécia,10000.0,24994.0,2014
Guiana Britânica,0.0,0.0,2014
Índia,247000.0,377422.0,2014
Irã,942500.0,1700379.0,2014
Itália,0.0,0.0,2014
Japão,0.0,0.0,2014
México,0.0,0.0,2014
Países Baixos,0.0,0.0,2014
Paraguai,0.0,0.0,2014
Peru,0.0,0.0,2014
Portugal,0.0,0.0,2014
Reino Unido,10.0,170.0,2014
Suécia,0.0,0.0,2014
Turquia,1981070.0,3507617.0,2014
Uruguai,0.0,0.0,2014
Uzbequistão,0.0,0.0,2014
Venezuela,0.0,0.0,2014
Não consta na tabela,0.0,0.0,2014
Outros,0.0,0.0,2014
Afeganistão,125000.0,179545.0,2015
África do Sul,1418063.0,3278109.0,2015
"Alemanha, República Democrática",0.0,0.0,2015
Arábia Saudita,0.0,0.0,2015
Argentina,20905602.0,32341307.0,2015
Austrália,0.0,0.0,2015
Bélgica,0.0,0.0,2015
Chile,747700.0,1522661.0,2015
China,0.0,0.0,2015
China Continental,0.0,0.0,2015
Cingapura,0.0,0.0,2015
Costa Rica,0.0,0.0,2015
Emirados,40000.0,95856.0,2015
Espanha,0.0,0.0,2015
Estados Unidos,350138.0,1034494.0,2015
França,658.0,4705.0,2015
Grécia,0.0,0.0,2015
Guiana Britânica,0.0,0.0,2015
Índia,57000.0,60717.0,2015
Irã,184500.0,418722.0,2015
Itália,0.0,0.0,2015
Japão,0.0,0.0,2015
México,0.0,0.0,2015
Países Baixos,0.0,0.0,2015
Paraguai,0.0,0.0,2015
Peru,0.0,0.0,2015
Portugal,250.0,445.0,2015
Reino Unido,25.0,426.0,2015
Suécia,0.0,0.0,2015
Turquia,1006000.0,1666760.0,2015
Uruguai,0.0,0.0,2015
Uzbequistão,0.0,0.0,2015
Venezuela,0.0,0.0,2015
Não consta na tabela,0.0,0.0,2015
Outros,0.0,0.0,2015
Afeganistão,0.0,0.0,2016
África do Sul,617500.0,1487082.0,2016
"Alemanha, República Democrática",0.0,0.0,2016
Arábia Saudita,0.0,0.0,2016
Argentina,23280908.0,34643821.0,2016
Austrália,0.0,0.0,2016
Bélgica,0.0,0.0,2016
Chile,365670.0,613554.0,2016
China,0.0,0.0,2016
China Continental,0.0,0.0,2016
Cingapura,0.0,0.0,2016
Costa Rica,0.0,0.0,2016
Emirados,0.0,0.0,2016
Espanha,0.0,0.0,2016
Estados Unidos,236134.0,636045.0,2016
França,0.0,0.0,2016
Grécia,4000.0,9248.0,2016
Guiana Britânica,0.0,0.0,2016
Índia,162000.0,346815.0,2016
Irã,493000.0,1113453.0,2016
Itália,0.0,0.0,2016
Japão,0.0,0.0,2016
México,0.0,0.0,2016
Países Baixos,0.0,0.0,2016
Paraguai,0.0,0.0,2016
Peru,0.0,0.0,2016
Portugal,0.0,0.0,2016
Reino Unido,21.0,402.0,2016
Suécia,0.0,0.0,2016
Turquia,2386092.0,3162573.0,2016
Uruguai,0.0,0.0,2016
Uzbequistão,0.0,0.0,2016
Venezuela,0.0,0.0,2016
Não consta na tabela,0.0,0.0,2016
Outros,0.0,0.0,2016
Afeganistão,0.0,0.0,2017
África do Sul,370500.0,942442.0,2017
"Alemanha, República Democrática",0.0,0.0,2017
Arábia Saudita,0.0,0.0,2017
Argentina,19742996.0,34422405.0,2017
Austrália,0.0,0.0,2017
Bélgica,0.0,0.0,2017
Chile,483305.0,971604.0,2017
China,0.0,0.0,2017
China Continental,53000.0,65028.0,2017
Cingapura,0.0,0.0,2017
Costa Rica,0.0,0.0,2017
Emirados,0.0,0.0,2017
Espanha,0.0,0.0,2017
Estados Unidos,257670.0,671036.0,2017
França,0.0,0.0,2017
Grécia,1950.0,4287.0,2017
Guiana Britânica,0.0,0.0,2017
Índia,397130.0,476398.0,2017
Irã,1194500.0,1975882.0,2017
Itália,0.0,0.0,2017
Japão,0.0,0.0,2017
México,0.0,0.0,2017
Países Baixos,0.0,0.0,2017
Paraguai,0.0,0.0,2017
Peru,10.0,10.0,2017
Portugal,0.0,0.0,2017
Reino Unido,66.0,1494.0,2017
Suécia,0.0,0.0,2017
Turquia,2834805.0,4001169.0,2017
Uruguai,0.0,0.0,2017
Uzbequistão,0.0,0.0,2017
Venezuela,0.0,0.0,2017
Não consta na tabela,0.0,0.0,2017
Outros,0.0,0.0,2017
Afeganistão,0.0,0.0,2018
África do Sul,1089700.0,3106052.0,2018
"Alemanha, República Democrática",0.0,0.0,2018
Arábia Saudita,0.0,0.0,2018
Argentina,23564519.0,43501396.0,2018
Austrália,0.0,0.0,2018
Bélgica,0.0,0.0,2018
Chile,127231.0,290772.0,2018
China,0.0,0.0,2018
China Continental,224165.0,279253.0,2018
Cingapura,0.0,0.0,2018
Costa Rica,0.0,0.0,2018
Emirados,0.0,0.0,2018
Espanha,0.0,0.0,2018
Estados Unidos,42859.0,244215.0,2018
França,0.0,0.0,2018
Grécia,1600.0,5156.0,2018
Guiana Britânica,0.0,0.0,2018
Índia,736700.0,1007031.0,2018
Irã,340000.0,817941.0,2018
Itália,0.0,0.0,2018
Japão,0.0,0.0,2018
México,0.0,0.0,2018
Países Baixos,0.0,0.0,2018
Paraguai,0.0,0.0,2018
Peru,0.0,0.0,2018
Portugal,0.0,0.0,2018
Reino Unido,20.0,461.0,2018
Suécia,0.0,0.0,2018
Turquia,262616.0,494370.0,2018
Uruguai,0.0,0.0,2018
Uzbequistão,0.0,0.0,2018
Venezuela,0.0,0.0,2018
Não consta na tabela,0.0,0.0,2018
Outros,0.0,0.0,2018
Afeganistão,40000.0,65452.0,2019
África do Sul,270875.0,763921.0,2019
"Alemanha, República Democrática",0.0,0.0,2019
Arábia Saudita,0.0,0.0,2019
Argentina,24135143.0,48810789.0,2019
Austrália,0.0,0.0,2019
Bélgica,0.0,0.0,2019
Chile,384437.0,1096176.0,2019
China,0.0,0.0,2019
China Continental,934000.0,1352954.0,2019
Cingapura,0.0,0.0,2019
Costa Rica,0.0,0.0,2019
Emirados,0.0,0.0,2019
Espanha,1.0,24.0,2019
Estados Unidos,90132.0,345044.0,2019
França,0.0,0.0,2019
Grécia,0.0,0.0,2019
Guiana Britânica,0.0,0.0,2019
Índia,481000.0,677056.0,2019
Irã,646000.0,1369316.0,2019
Itália,0.0,0.0,2019
Japão,0.0,0.0,2019
México,0.0,0.0,2019
Países Baixos,0.0,0.0,2019
Paraguai,0.0,0.0,2019
Peru,0.0,0.0,2019
Portugal,0.0,2.0,2019
Reino Unido,11.0,209.0,2019
Suécia,0.0,0.0,2019
Turquia,427590.0,865709.0,2019
Uruguai,0.0,0.0,2019
Uzbequistão,399630.0,624285.0,2019
Venezuela,0.0,0.0,2019
Não consta na tabela,0.0,0.0,2019
Outros,0.0,0.0,2019
Afeganistão,0.0,0.0,2020
África do Sul,616688.0,1433381.0,2020
"Alemanha, República Democrática",0.0,0.0,2020
Arábia Saudita,0.0,0.0,2020
Argentina,24992502.0,36743996.0,2020
Austrália,0.0,0.0,2020
Bélgica,0.0,0.0,2020
Chile,286774.0,567197.0,2020
China,172000.0,178472.0,2020
China Continental,0.0,0.0,2020
Cingapura,0.0,0.0,2020
Costa Rica,0.0,0.0,2020
Emirados,0.0,0.0,2020
Espanha,0.0,0.0,2020
Estados Unidos,105360.0,266627.0,2020
França,0.0,0.0,2020
Grécia,0.0,0.0,2020
Guiana Britânica,0.0,0.0,2020
Índia,883000.0,813317.0,2020
Irã,435600.0,927189.0,2020
Itália,0.0,0.0,2020
Japão,0.0,0.0,2020
México,0.0,0.0,2020
Países Baixos,0.0,0.0,2020
Paraguai,0.0,0.0,2020
Peru,0.0,0.0,2020
Portugal,0.0,0.0,2020
Reino Unido,0.0,0.0,2020
Suécia,0.0,0.0,2020
Turquia,607780.0,1210554.0,2020
Uruguai,25000.0,35866.0,2020
Uzbequistão,397030.0,450389.0,2020
Venezuela,0.0,0.0,2020
Não consta na tabela,0.0,0.0,2020
Outros,0.0,0.0,2020
Afeganistão,0.0,484.0,2021
África do Sul,327000.0,531327.0,2021
"Alemanha, República Democrática",0.0,0.0,2021
Arábia Saudita,0.0,0.0,2021
Argentina,24015825.0,33337604.0,2021
Austrália,0.0,0.0,2021
Bélgica,0.0,0.0,2021
Chile,225630.0,462855.0,2021
China,110.0,76.0,2021
China Continental,0.0,0.0,2021
Cingapura,0.0,0.0,2021
Costa Rica,0.0,0.0,2021
Emirados,0.0,0.0,2021
Espanha,0.0,0.0,2021
Estados Unidos,109043.0,325880.0,2021
França,0.0,0.0,2021
Grécia,0.0,0.0,2021
Guiana Britânica,0.0,0.0,2021
Índia,577250.0,504532.0,2021
Irã,514700.0,843794.0,2021
Itália,0.0,0.0,2021
Japão,0.0,0.0,2021
México,0.0,0.0,2021
Países Baixos,0.0,0.0,2021
Paraguai,0.0,0.0,2021
Peru,0.0,0.0,2021
Portugal,0.0,0.0,2021
Reino Unido,0.0,0.0,2021
Suécia,0.0,0.0,2021
Turquia,186000.0,311165.0,2021
Uruguai,0.0,0.0,2021
Uzbequistão,0.0,0.0,2021
Venezuela,0.0,0.0,2021
Não consta na tabela,0.0,0.0,2021
Outros,0.0,0.0,2021
Afeganistão,0.0,0.0,2022
África do Sul,657826.0,1266633.0,2022
"Alemanha, República Democrática",0.0,0.0,2022
Arábia Saudita,0.0,0.0,2022
Argentina,20829418.0,35659325.0,2022
Austrália,0.0,0.0,2022
Bélgica,0.0,0.0,2022
Chile,3584100.0,5524707.0,2022
China,0.0,0.0,2022
China Continental,0.0,0.0,2022
Cingapura,0.0,0.0,2022
Costa Rica,49000.0,95550.0,2022
Emirados,0.0,0.0,2022
Espanha,0.0,0.0,2022
Estados Unidos,115517.0,380380.0,2022
França,0.0,0.0,2022
Grécia,0.0,0.0,2022
Guiana Britânica,0.0,0.0,2022
Índia,2767840.0,2568914.0,2022
Irã,403000.0,948438.0,2022
Itália,0.0,0.0,2022
Japão,0.0,0.0,2022
México,0.0,0.0,2022
Países Baixos,0.0,0.0,2022
Paraguai,0.0,0.0,2022
Peru,0.0,0.0,2022
Portugal,0.0,0.0,2022
Reino Unido,0.0,0.0,2022
Suécia,0.0,0.0,2022
Turquia,1477000.0,2602207.0,2022
Uruguai,0.0,0.0,2022
Uzbequistão,132000.0,165492.0,2022
Venezuela,0.0,0.0,2022
Não consta na tabela,0.0,0.0,2022
Outros,0.0,0.0,2022
Afeganistão,0.0,0.0,2023
África do Sul,151500.0,397825.0,2023
"Alemanha, República Democrática",0.0,0.0,2023
Arábia Saudita,0.0,0.0,2023
Argentina,19758017.0,36404746.0,2023
Austrália,0.0,0.0,2023
Bélgica,0.0,0.0,2023
Chile,4411180.0,7107544.0,2023
China,72000.0,111390.0,2023
China Continental,0.0,0.0,2023
Cingapura,0.0,0.0,2023
Costa Rica,0.0,0.0,2023
Emirados,0.0,0.0,2023
Espanha,0.0,0.0,2023
Estados Unidos,7578.0,58262.0,2023
França,0.0,0.0,2023
Grécia,0.0,0.0,2023
Guiana Britânica,0.0,0.0,2023
Índia,1293900.0,1379545.0,2023
Irã,786500.0,1832934.0,2023
Itália,0.0,0.0,2023
Japão,0.0,0.0,2023
México,0.0,0.0,2023
Países Baixos,0.0,0.0,2023
Paraguai,0.0,0.0,2023
Peru,25000.0,40630.0,2023
Portugal,0.0,0.0,2023
Reino Unido,0.0,0.0,2023
Suécia,0.0,0.0,2023
Turquia,2621500.0,4152236.0,2023
Uruguai,0.0,0.0,2023
Uzbequistão,2045600.0,2433719.0,2023
Venezuela,0.0,0.0,2023
Não consta na tabela,0.0,0.0,2023
Outros,0.0,0.0,2023
